YEAR,CATAEGORY,TOTAL-DEATHS,PROBABILITY
2011,Never Married,91989,0.226153336
2011,Married,285045,0.70077811
2011,Seperated,11112,0.027318656
2011,Divorcee,3849,0.009462699
2011,Widowed/Widower,14760,0.0362872
2012,Never Married,91671,0.225604489
2012,Married,285792,0.703340839
2012,Seperated,9849,0.024238621
2012,Divorcee,4170,0.010262468
2012,Widowed/Widower,14853,0.036553583
